open_time,open,high,low,close,volume,close_time,quote_asset_volume,number_of_trades,taker_buy_base_asset_volume,taker_buy_quote_asset_volume,ignore
1672531200000,3.175,4.202,3.128,4.039,34649762.22,1675209599999,129560333.69787,714793,17569080.71,65667876.69265,0
1675209600000,4.036,4.738,3.793,3.922,44411437.57,1677628799999,188961780.65225,1058909,22819473.45,97091239.66036,0
1677628800000,3.922,4.0,3.414,3.704,28855667.92,1680307199999,108273919.22237,701819,14532203.33,54549603.01388,0
1680307200000,3.704,4.0,2.545,2.7,87504606.12,1682899199999,272734681.56772,1221082,41898564.24,130769863.2026,0
