open_time,open,high,low,close,volume,close_time,quote_asset_volume,number_of_trades,taker_buy_base_asset_volume,taker_buy_quote_asset_volume,ignore
1672531200000,0.07024,0.09867,0.06906,0.09612,40965904947.0,1675209599999,3405012120.52149,6622216,20435832846.0,1698244086.55933,0
1675209600000,0.09613,0.0998,0.07836,0.08085,32150070041.0,1677628799999,2823579913.80112,5540956,15742442287.0,1383120297.34944,0
1677628800000,0.08085,0.08284,0.06253,0.07695,31390076138.0,1680307199999,2301231705.9849,5710036,15389789132.0,1129158095.22703,0
1680307200000,0.07695,0.105,0.0748,0.08151,61889147473.0,1682899199999,5480391555.62848,10859123,30284027799.0,2686737194.70901,0
