open_time,open,high,low,close,volume,close_time,quote_asset_volume,number_of_trades,taker_buy_base_asset_volume,taker_buy_quote_asset_volume,ignore
1672531200000,8.08e-06,1.294e-05,8e-06,1.181e-05,201243946532045.0,1675209599999,2141700158.2373817,4001810,100419461425742.0,1068059159.4822689,0
1675209600000,1.182e-05,1.575e-05,1.13e-05,1.202e-05,194818559836802.0,1677628799999,2601160118.5544677,4682443,96747390731277.0,1291636952.2564297,0
1677628800000,1.201e-05,1.243e-05,9.65e-06,1.083e-05,142221817267469.0,1680307199999,1538082753.9341059,3315709,70807015757419.0,766079529.8099627,0
1680307200000,1.083e-05,1.188e-05,9.72e-06,1.029e-05,93235660988751.0,1682899199999,1027905844.9078209,2559594,45397752357847.0,501081366.7130397,0
