open_time,open,high,low,close,volume,close_time,quote_asset_volume,number_of_trades,taker_buy_base_asset_volume,taker_buy_quote_asset_volume,ignore
1672531200000,16541.77,23960.54,16499.01,23125.13,7977028.87801,1675209599999,164131402696.49188,195640242,3970265.23454,81703060328.83946,0
1675209600000,23125.13,25250.0,21351.07,23141.57,8642691.27165,1677628799999,202098042118.3695,237616543,4307960.2953,100749850713.74112,0
1677628800000,23141.57,29184.68,19549.09,28465.36,9516189.35846,1680307199999,230976895658.80542,225288488,4763490.75166,115663352570.699,0
1680307200000,28465.36,31000.0,26942.82,29271.79,1582006.72514,1682899199999,45696820479.08018,33390678,792212.85536,22886461542.215652,0
