open_time,open,high,low,close,volume,close_time,quote_asset_volume,number_of_trades,taker_buy_base_asset_volume,taker_buy_quote_asset_volume,ignore
1672531200000,0.2554,0.4378,0.2543,0.3754,72364041.8,1675209599999,25233410.15489,268297,34837314.4,12198107.30428,0
1675209600000,0.3756,0.58,0.3421,0.4092,127516285.6,1677628799999,56497165.46639,463573,61770638.1,27384302.40394,0
1677628800000,0.4099,0.7241,0.3166,0.6154,127030511.0,1680307199999,66987327.84366,506987,62750974.5,33140699.04528,0
1680307200000,0.615,1.05,0.5838,0.911,124173796.1,1682899199999,96290833.30669,627534,62044280.2,48269393.73866,0
