open_time,open,high,low,close,volume,close_time,quote_asset_volume,number_of_trades,taker_buy_base_asset_volume,taker_buy_quote_asset_volume,ignore
1672531200000,0.0545,0.06576,0.04976,0.06218,14716943295.3,1675209599999,860103776.361953,2768801,7598251641.5,444051542.656411,0
1675209600000,0.06218,0.07307,0.06142,0.06905,12584262344.7,1677628799999,843463135.219814,2831426,6227887612.8,417846399.335723,0
1677628800000,0.06905,0.07036,0.05484,0.06553,17415778126.3,1680307199999,1114318927.29448,3973211,8581275615.8,549220650.010791,0
1680307200000,0.06553,0.0678,0.06211,0.06727,9522089154.1,1682899199999,627447225.544697,2592477,4637953790.4,305668341.813878,0
