open_time,open,high,low,close,volume,close_time,quote_asset_volume,number_of_trades,taker_buy_base_asset_volume,taker_buy_quote_asset_volume,ignore
1672531200000,0.403,1.499,0.396,1.41,348972185.22,1675209599999,298201787.28962,1204668,172889506.74,147625487.395,0
1675209600000,1.412,2.19,1.277,1.457,654746177.38,1677628799999,1095262095.00139,3367523,321884888.87,539035661.54253,0
1677628800000,1.458,1.597,0.892,1.373,439862000.39,1680307199999,563057074.02125,2030206,215066216.29,276046033.55763,0
1680307200000,1.374,2.6,1.227,2.39,535559791.35,1682899199999,1002027376.10438,3074834,267502047.59,501989627.4893,0
