open_time,open,high,low,close,volume,close_time,quote_asset_volume,number_of_trades,taker_buy_base_asset_volume,taker_buy_quote_asset_volume,ignore
1672531200000,0.01666,0.06293,0.01635,0.05417,72044614635.0,1675209599999,3177999358.15978,8461260,35135696309.0,1551465502.37796,0
1675209600000,0.05418,0.05865,0.03801,0.03953,26181340189.0,1677628799999,1272861499.80871,3639026,12641547966.0,615167172.82295,0
1677628800000,0.03954,0.051,0.02993,0.0414,36801096425.0,1680307199999,1475367411.46762,4628486,18164222703.0,729226939.83421,0
1680307200000,0.04139,0.05,0.03654,0.03941,27061260580.0,1682899199999,1139574905.51428,2902020,13395755471.0,564412378.4849,0
