open_time,open,high,low,close,volume,close_time,quote_asset_volume,number_of_trades,taker_buy_base_asset_volume,taker_buy_quote_asset_volume,ignore
1672531200000,70.14,97.77,68.91,94.09,24276770.919,1675209599999,2054383367.13352,4389558,12105169.763,1025440822.93535,0
1675209600000,94.09,105.71,88.16,93.8,16377488.875,1677628799999,1577615233.37637,3707674,8067632.307,777116293.93006,0
1677628800000,93.79,98.37,65.0,89.57,30535318.341,1680307199999,2542538291.38757,6323461,14910753.078,1242733450.44548,0
1680307200000,89.56,103.44,84.11,90.62,18557082.659,1682899199999,1720968553.40562,4180143,8996070.633,834532891.20726,0
