open_time,open,high,low,close,volume,close_time,quote_asset_volume,number_of_trades,taker_buy_base_asset_volume,taker_buy_quote_asset_volume,ignore
1672531200000,0.00014508,0.00019621,0.00014471,0.00017152,4071962962519.35,1675209599999,695848693.7224858,2539770,1996942978794.92,341692792.64197695,0
1675209600000,0.00017147,0.00021107,0.00015341,0.00016377,3649981969307.22,1677628799999,649930119.9512997,2031491,1747754766558.09,311488435.3714115,0
1677628800000,0.00016377,0.00018095,0.00011567,0.00012465,3310813430577.67,1680307199999,443331491.9836165,1957163,1617300697518.46,216518622.04493833,0
1680307200000,0.00012466,0.000135,0.00010144,0.00011157,2788774507093.58,1682899199999,336701113.3095339,1559108,1326986184958.1,160475979.2624889,0
