open_time,open,high,low,close,volume,close_time,quote_asset_volume,number_of_trades,taker_buy_base_asset_volume,taker_buy_quote_asset_volume,ignore
1672531200000,2.357,3.201,2.328,2.789,10136394.1,1675209599999,28504897.6903,179883,4641835.4,13067289.4585,0
1675209600000,2.788,3.65,2.58,2.769,13131818.6,1677628799999,39487932.6096,231747,6247050.1,18849717.201,0
1677628800000,2.769,2.899,2.208,2.655,7901070.9,1680307199999,20563589.6016,130004,3783379.4,9861490.869,0
1680307200000,2.654,16.5,2.532,10.483,177390738.709,1682899199999,1892284267.269785,7073404,89380911.71,955364231.303739,0
