open_time,open,high,low,close,volume,close_time,quote_asset_volume,number_of_trades,taker_buy_base_asset_volume,taker_buy_quote_asset_volume,ignore
1672531200000,3.009,5.788,2.992,5.229,243503251.36,1675209599999,1087913475.42596,3341101,117764741.68,526311493.72379,0
1675209600000,5.229,9.5,4.61,6.484,396000026.47,1677628799999,2796612788.66521,6987613,193074055.03,1365354556.7681,0
1677628800000,6.484,7.583,4.654,5.686,389372986.01,1680307199999,2312274707.06404,7067569,187043086.25,1113125439.46077,0
1680307200000,5.686,6.436,5.018,5.493,174813842.18,1682899199999,1004784229.43933,2735288,84820860.76,487723019.86308,0
