open_time,open,high,low,close,volume,close_time,quote_asset_volume,number_of_trades,taker_buy_base_asset_volume,taker_buy_quote_asset_volume,ignore
1672531200000,0.002945,0.005846,0.002903,0.005122,98996027302.9,1675209599999,435533796.947374,1976745,47759288314.4,210659120.8800153,0
1675209600000,0.005124,0.008364,0.004876,0.005677,91267255954.3,1677628799999,618403383.3558263,2483511,45674730542.0,309613846.9753653,0
1677628800000,0.005677,0.006095,0.004301,0.00523,59589529683.5,1680307199999,302092743.5571249,1504107,29421026693.9,149149766.5753913,0
1680307200000,0.00523,0.007383,0.00472,0.00688,70413295477.0,1682899199999,430348822.7989862,1797843,34353640196.1,210056158.0535256,0
