open_time,open,high,low,close,volume,close_time,quote_asset_volume,number_of_trades,taker_buy_base_asset_volume,taker_buy_quote_asset_volume,ignore
1672531200000,4.308,6.84,4.275,6.26,168705917.86,1675209599999,982704443.13145,2984727,83591548.1,486121789.65174,0
1675209600000,6.26,7.9,5.878,6.347,187466876.54,1677628799999,1278740073.61308,3757548,92137023.03,628857552.91167,0
1677628800000,6.349,6.699,5.15,6.343,166235571.41,1680307199999,1001043397.2345,3445711,81095438.6,488511647.90841,0
1680307200000,6.343,7.0,5.6,6.002,107924516.97,1682899199999,683246719.23479,2054697,52614129.86,333250380.79699,0
