open_time,open,high,low,close,volume,close_time,quote_asset_volume,number_of_trades,taker_buy_base_asset_volume,taker_buy_quote_asset_volume,ignore
1672531200000,0.2297,0.6867,0.2279,0.5515,2096465044.6,1675209599999,1003647936.14881,4314866,1039702534.6,498193460.7381,0
1675209600000,0.5516,0.5948,0.352,0.366,1125244285.8,1677628799999,521835948.1139,2275170,553484952.8,257498654.39802,0
1677628800000,0.3661,0.4985,0.2827,0.3936,1536738596.0,1680307199999,596659089.79073,2890668,761154296.3,295672932.29103,0
1680307200000,0.3937,0.406,0.3057,0.3434,665478115.3,1682899199999,242770233.34498,1208116,313965853.3,114660938.59599,0
