open_time,open,high,low,close,volume,close_time,quote_asset_volume,number_of_trades,taker_buy_base_asset_volume,taker_buy_quote_asset_volume,ignore
1672531200000,0.7584,1.2,0.7477,1.1094,2571552308.2,1675209599999,2518314355.51233,5964773,1264442495.9,1237036985.20063,0
1675209600000,1.1095,1.5681,1.0677,1.1964,2937796503.9,1677628799999,3829753449.92483,8844984,1445366541.2,1884974240.7255,0
1677628800000,1.1963,1.264,0.9426,1.1176,2908195110.8,1680307199999,3269930085.82287,8134264,1444629704.5,1624594938.44418,0
1680307200000,1.1176,1.19,0.9435,1.0144,1540735061.4,1682899199999,1670521968.4658,4440755,772999917.7,837898523.13641,0
