open_time,open,high,low,close,volume,close_time,quote_asset_volume,number_of_trades,taker_buy_base_asset_volume,taker_buy_quote_asset_volume,ignore
1672531200000,1.103,3.55,1.086,3.223,465107782.17,1675209599999,868327039.80323,2880741,230415563.96,430527069.06795,0
1675209600000,3.221,3.674,2.304,2.918,555466592.01,1677628799999,1609014469.88917,5072819,273918133.22,794043168.57806,0
1677628800000,2.918,3.298,1.753,2.511,604893513.28,1680307199999,1476909944.57782,4984128,297189903.74,726206922.3784,0
1680307200000,2.511,3.2,2.291,2.669,297870374.67,1682899199999,789342026.54623,2764835,147322440.15,390952608.4899,0
