open_time,open,high,low,close,volume,close_time,quote_asset_volume,number_of_trades,taker_buy_base_asset_volume,taker_buy_quote_asset_volume,ignore
1672531200000,5.575,7.518,5.505,6.952,151275249.97,1675209599999,1005601025.68653,2827147,73999867.7,491731918.66458,0
1675209600000,6.952,8.4,6.4,7.195,173504497.31,1677628799999,1286947560.29537,3771294,83886559.22,623053828.43217,0
1677628800000,7.196,7.723,5.89,7.588,162155567.08,1680307199999,1129628313.55192,3776378,79503269.4,554412477.47402,0
1680307200000,7.588,8.798,6.703,7.173,132141139.69,1682899199999,997319110.77093,2740562,62865615.98,475044789.64372,0
