open_time,open,high,low,close,volume,close_time,quote_asset_volume,number_of_trades,taker_buy_base_asset_volume,taker_buy_quote_asset_volume,ignore
1672531200000,0.918,2.555,0.909,2.166,1016304133.54,1675209599999,1812001117.07341,4105243,505775470.22,902147842.11129,0
1675209600000,2.165,3.29,2.074,2.703,1001506772.7,1677628799999,2745172197.54006,5539847,489491784.07,1343001439.96937,0
1677628800000,2.704,2.96,1.769,2.289,903237096.46,1680307199999,2166851772.09464,4844664,443474263.46,1064793396.24016,0
1680307200000,2.288,2.83,2.055,2.172,376358309.63,1682899199999,900714330.18994,2167361,182513547.38,437235292.96239,0
