open_time,open,high,low,close,volume,close_time,quote_asset_volume,number_of_trades,taker_buy_base_asset_volume,taker_buy_quote_asset_volume,ignore
1672531200000,0.2458,0.3998,0.2434,0.3902,4678982124.6,1675209599999,1578643300.17419,3698624,2319703892.8,781364955.46376,0
1675209600000,0.3902,0.4213,0.345,0.3517,3098518378.4,1677628799999,1195907461.45254,3056117,1520926678.0,587410835.7908,0
1677628800000,0.3518,0.4093,0.2976,0.3989,4849487251.8,1680307199999,1682311005.04204,4486313,2408713333.9,836305087.95865,0
1680307200000,0.3989,0.4617,0.3708,0.4043,3576024994.7,1682899199999,1457204064.96885,3849046,1744497205.8,711117309.59784,0
