open_time,open,high,low,close,volume,close_time,quote_asset_volume,number_of_trades,taker_buy_base_asset_volume,taker_buy_quote_asset_volume,ignore
1672531200000,0.004893,0.008002,0.004853,0.007258,9849786982.76,1675209599999,63592264.34833879,482497,4754545413.21,30632492.69276773,0
1675209600000,0.007263,0.01758,0.006594,0.009912,25228248749.13,1677628799999,298147824.6668225,1550626,12501624699.78,147937467.61537132,0
1677628800000,0.009928,0.0175,0.006265,0.01135,41230467309.9,1680307199999,447717425.1070185,2586432,20533135284.64,223142107.29469904,0
1680307200000,0.011349,0.019412,0.010281,0.014265,45944124697.04,1682899199999,666690248.123202,2711059,23058606828.32,334838518.1434769,0
