open_time,open,high,low,close,volume,close_time,quote_asset_volume,number_of_trades,taker_buy_base_asset_volume,taker_buy_quote_asset_volume,ignore
1682668800000,0.05,1.49,0.05,1.27861,279585319.0,1682697599999,340389129.34522,970009,144070073.0,175872989.54754,0
1682697600000,1.27616,1.43,1.24,1.37239,81467924.0,1682726399999,108193261.69421,451058,44616803.0,59351750.60415,0
1682726400000,1.37232,1.69493,1.36001,1.69492,99333006.0,1682755199999,150911962.88322,574581,53444875.0,81253874.0384,0
1682755200000,1.69492,1.695,1.33731,1.36359,118841349.0,1682783999999,175697075.97132,526024,55310960.0,81882983.44968,0
1682784000000,1.36482,1.41,1.34996,1.36787,6095007.0,1682812799999,8430904.85303,29579,3310150.0,4585001.17644,0
