open_time,open,high,low,close,volume,close_time,quote_asset_volume,number_of_trades,taker_buy_base_asset_volume,taker_buy_quote_asset_volume,ignore
1682683200000,0.05,1.49,0.05,1.30565,305606393.0,1682704799999,374072585.60793,1107471,158057116.0,194009095.49454,0
1682704800000,1.30676,1.43,1.263,1.37239,55446850.0,1682726399999,74509805.4315,313596,30629760.0,41215644.65715,0
1682726400000,1.37232,1.58099,1.36001,1.52025,59358522.0,1682747999999,86552417.33409,342081,32122926.0,46907726.02143,0
1682748000000,1.52025,1.695,1.44025,1.53748,107122775.0,1682769599999,167378827.68281,557575,53195532.0,83272976.05833,0
1682769600000,1.53687,1.55348,1.33731,1.36357,57932567.0,1682791199999,81306261.64214,231505,26815299.0,37633895.10349,0
