open_time,open,high,low,close,volume,close_time,quote_asset_volume,number_of_trades,taker_buy_base_asset_volume,taker_buy_quote_asset_volume,ignore
1682683200000,0.05,1.49,0.05,1.27861,279585319.0,1682697599999,340389129.34522,970009,144070073.0,175872989.54754,0
1682697600000,1.27616,1.39585,1.24,1.26909,50637077.0,1682711999999,66443171.03888,273665,27639633.0,36349595.23834,0
1682712000000,1.26925,1.43,1.264,1.37239,30830847.0,1682726399999,41750090.65533,177393,16977170.0,23002155.36581,0
1682726400000,1.37232,1.51,1.36001,1.4096,38435288.0,1682740799999,55188196.96498,212880,20478301.0,29467743.0184,0
1682740800000,1.40967,1.69493,1.40953,1.69492,60897718.0,1682755199999,95723765.91824,361701,32966574.0,51786131.02,0
1682755200000,1.69492,1.695,1.44025,1.53748,67148291.0,1682769599999,103019282.13368,325075,31873583.0,48926828.04136,0
1682769600000,1.53687,1.55348,1.33731,1.36359,51693058.0,1682783999999,72677793.83764,200949,23437377.0,32956155.40832,0
1682784000000,1.36482,1.41,1.34319,1.35177,6839514.0,1682798399999,9439541.22695,32706,3533905.0,4888241.32544,0
