open_time,open,high,low,close,volume,close_time,quote_asset_volume,number_of_trades,taker_buy_base_asset_volume,taker_buy_quote_asset_volume,ignore
1682683200000,0.05,1.49,0.05,1.37239,361053243.0,1682726399999,448582391.03943,1421067,188686876.0,235224740.15169,0
1682726400000,1.37232,1.695,1.36001,1.53748,166481297.0,1682769599999,253931245.0169,899656,85318458.0,130180702.07976,0
1682769600000,1.53687,1.55348,1.33731,1.37883,57499910.0,1682812799999,80715339.24412,229087,26665398.0,37429050.33295,0
