open_time,open,high,low,close,volume,close_time,quote_asset_volume,number_of_trades,taker_buy_base_asset_volume,taker_buy_quote_asset_volume,ignore
1682640000000,0.05,1.49,0.05,1.37239,361053243.0,1682726399999,448582391.03943,1421067,188686876.0,235224740.15169,0
1682726400000,1.37232,1.695,1.33731,1.37692,223904910.0,1682812799999,334541328.11638,1128193,111935696.0,167543310.2235,0
