open_time,open,high,low,close,volume,close_time,quote_asset_volume,number_of_trades,taker_buy_base_asset_volume,taker_buy_quote_asset_volume,ignore
1672531200000,0.12,0.2281,0.12,0.1796,1008931983.9,1675209599999,178348671.5409,932568,493362204.9,87199109.25508,0
1675209600000,0.1797,0.3,0.1693,0.2074,1046497913.5,1677628799999,241435520.8352,1389414,506882759.2,117120954.74472,0
1677628800000,0.2074,0.2415,0.1483,0.215,717065125.3,1680307199999,142719995.41957,1081829,343532200.7,68464291.34025,0
1680307200000,0.2151,0.3497,0.2002,0.2729,1249653806.0,1682899199999,341819888.189,2037505,616530501.5,168835072.6918,0
