open_time,open,high,low,close,volume,close_time,quote_asset_volume,number_of_trades,taker_buy_base_asset_volume,taker_buy_quote_asset_volume,ignore
1672531200000,1.2597,2.5413,1.254,2.0563,331568583.03,1675209599999,640534402.33501,2671066,161113489.9,312091301.425068,0
1675209600000,2.0562,2.3764,1.6249,1.7063,158410324.08,1677628799999,311941429.440581,1301754,75242811.31,148467729.228929,0
1677628800000,1.7063,1.7928,1.1922,1.2859,124496798.13,1680307199999,174229537.950214,1054018,57774672.52,80793215.782133,0
1680307200000,1.2863,1.649,1.1581,1.275,209371560.49,1682899199999,282809533.307125,1558056,98894938.43,133825164.63672,0
