open_time,open,high,low,close,volume,close_time,quote_asset_volume,number_of_trades,taker_buy_base_asset_volume,taker_buy_quote_asset_volume,ignore
1672531200000,3.4491,20.4,3.409,16.7445,487894567.65,1675209599999,4841845171.258897,9421061,246048043.32,2439580925.621739,0
1675209600000,16.7402,18.6909,11.4966,11.886,238399159.08,1677628799999,3489635879.111118,5905343,117343165.31,1719239541.666492,0
1677628800000,11.886,14.6337,9.7006,11.3838,211101042.85,1680307199999,2533728752.353338,6783562,104091645.33,1250384240.942752,0
1680307200000,11.3843,13.6434,9.43,10.7081,124867631.0,1682899199999,1422862965.319236,3768554,62306511.53,709884411.508985,0
