open_time,open,high,low,close,volume,close_time,quote_asset_volume,number_of_trades,taker_buy_base_asset_volume,taker_buy_quote_asset_volume,ignore
1672531200000,3.932,6.277,3.765,5.871,56419780.36,1675209599999,281097584.65944,1511254,28182770.54,140126414.28802,0
1675209600000,5.868,8.239,4.961,5.798,62351080.56,1677628799999,401639634.95382,2138746,30646360.86,197822185.54429,0
1677628800000,5.799,6.224,4.525,5.191,56455129.44,1680307199999,295207425.99937,1851223,27949346.76,146259554.61251,0
1680307200000,5.19,7.236,4.761,6.568,64632433.13,1682899199999,372853239.122,1808294,31499574.26,182005906.51096,0
