open_time,open,high,low,close,volume,close_time,quote_asset_volume,number_of_trades,taker_buy_base_asset_volume,taker_buy_quote_asset_volume,ignore
1672531200000,9.355,14.0,9.302,13.362,67433247.42,1675209599999,813291293.43296,2755064,32744700.87,395858414.14887,0
1675209600000,13.363,15.45,12.113,12.279,57229035.43,1677628799999,804533600.95433,2851411,27628058.79,388340964.12392,0
1677628800000,12.279,13.487,10.291,11.188,70763608.04,1680307199999,833275579.04692,3467953,35603395.81,419207259.90972,0
1680307200000,11.188,12.94,10.2,11.685,59146297.47,1682899199999,681280078.4556,2644081,29153953.37,336000400.76854,0
