open_time,open,high,low,close,volume,close_time,quote_asset_volume,number_of_trades,taker_buy_base_asset_volume,taker_buy_quote_asset_volume,ignore
1672531200000,0.0365,0.05839,0.0363,0.05089,649692082.5,1675209599999,30530616.672298,304614,313140338.4,14765374.857309,0
1675209600000,0.05089,0.082,0.0488,0.0585,1456417220.5,1677628799999,94701132.523883,670497,714607328.7,46605393.773917,0
1677628800000,0.05852,0.06434,0.04685,0.05426,499271738.8,1680307199999,27621139.185943,262192,243598447.4,13481888.614508,0
1680307200000,0.05426,0.106,0.051,0.07772,3193599067.4,1682899199999,254111128.901444,1434344,1616010345.9,129019691.876994,0
